row_id,congestion
848835,45.957784186557944
848836,45.957784186557944
848837,45.957784186557944
848838,48.75681745198625
848839,48.75681745198625
848840,48.75681745198625
848841,48.75681745198625
848842,51.10352220108656
848843,51.10352220108656
848844,51.10352220108656
848845,51.10352220108656
848846,37.85106886135826
848847,37.85106886135826
848848,37.85106886135826
848849,37.85106886135826
848850,37.85106886135826
848851,37.85106886135826
848852,47.579755456525845
848853,47.579755456525845
848854,47.579755456525845
848855,47.579755456525845
848856,47.579755456525845
848857,47.579755456525845
848858,58.646168478543714
848859,58.646168478543714
848860,58.646168478543714
848861,58.646168478543714
848862,62.242471169946825
848863,62.242471169946825
848864,62.242471169946825
848865,62.242471169946825
848866,62.242471169946825
848867,62.242471169946825
848868,50.21064298735329
848869,50.21064298735329
848870,50.21064298735329
848871,50.21064298735329
848872,50.21064298735329
848873,50.21064298735329
848874,64.67440061259747
848875,64.67440061259747
848876,64.67440061259747
848877,64.67440061259747
848878,38.12383964403388
848879,38.12383964403388
848880,38.12383964403388
848881,38.12383964403388
848882,38.12383964403388
848883,38.12383964403388
848884,38.12383964403388
848885,38.12383964403388
848886,46.96588939365279
848887,46.96588939365279
848888,46.96588939365279
848889,46.96588939365279
848890,46.96588939365279
848891,46.96588939365279
848892,46.96588939365279
848893,46.96588939365279
848894,40.03662070632881
848895,40.03662070632881
848896,40.03662070632881
848897,40.03662070632881
848898,40.03662070632881
848899,40.03662070632881
848900,45.957784186557944
848901,45.957784186557944
848902,45.957784186557944
848903,48.75681745198625
848904,48.75681745198625
848905,48.75681745198625
848906,48.75681745198625
848907,51.10352220108656
848908,51.10352220108656
848909,51.10352220108656
848910,51.10352220108656
848911,37.85106886135826
848912,37.85106886135826
848913,37.85106886135826
848914,37.85106886135826
848915,37.85106886135826
848916,37.85106886135826
848917,47.579755456525845
848918,47.579755456525845
848919,47.579755456525845
848920,47.579755456525845
848921,47.579755456525845
848922,47.579755456525845
848923,58.646168478543714
848924,58.646168478543714
848925,58.646168478543714
848926,58.646168478543714
848927,62.242471169946825
848928,62.242471169946825
848929,62.242471169946825
848930,62.242471169946825
848931,62.242471169946825
848932,62.242471169946825
848933,50.21064298735329
848934,50.21064298735329
848935,50.21064298735329
848936,50.21064298735329
848937,50.21064298735329
848938,50.21064298735329
848939,64.67440061259747
848940,64.67440061259747
848941,64.67440061259747
848942,64.67440061259747
848943,38.12383964403388
848944,38.12383964403388
848945,38.12383964403388
848946,38.12383964403388
848947,38.12383964403388
848948,38.12383964403388
848949,38.12383964403388
848950,38.12383964403388
848951,46.96588939365279
848952,46.96588939365279
848953,46.96588939365279
848954,46.96588939365279
848955,46.96588939365279
848956,46.96588939365279
848957,46.96588939365279
848958,46.96588939365279
848959,40.03662070632881
848960,40.03662070632881
848961,40.03662070632881
848962,40.03662070632881
848963,40.03662070632881
848964,40.03662070632881
848965,45.957784186557944
848966,45.957784186557944
848967,45.957784186557944
848968,48.75681745198625
848969,48.75681745198625
848970,48.75681745198625
848971,48.75681745198625
848972,51.10352220108656
848973,51.10352220108656
848974,51.10352220108656
848975,51.10352220108656
848976,37.85106886135826
848977,37.85106886135826
848978,37.85106886135826
848979,37.85106886135826
848980,37.85106886135826
848981,37.85106886135826
848982,47.579755456525845
848983,47.579755456525845
848984,47.579755456525845
848985,47.579755456525845
848986,47.579755456525845
848987,47.579755456525845
848988,58.646168478543714
848989,58.646168478543714
848990,58.646168478543714
848991,58.646168478543714
848992,62.242471169946825
848993,62.242471169946825
848994,62.242471169946825
848995,62.242471169946825
848996,62.242471169946825
848997,62.242471169946825
848998,50.21064298735329
848999,50.21064298735329
849000,50.21064298735329
849001,50.21064298735329
849002,50.21064298735329
849003,50.21064298735329
849004,64.67440061259747
849005,64.67440061259747
849006,64.67440061259747
849007,64.67440061259747
849008,38.12383964403388
849009,38.12383964403388
849010,38.12383964403388
849011,38.12383964403388
849012,38.12383964403388
849013,38.12383964403388
849014,38.12383964403388
849015,38.12383964403388
849016,46.96588939365279
849017,46.96588939365279
849018,46.96588939365279
849019,46.96588939365279
849020,46.96588939365279
849021,46.96588939365279
849022,46.96588939365279
849023,46.96588939365279
849024,40.03662070632881
849025,40.03662070632881
849026,40.03662070632881
849027,40.03662070632881
849028,40.03662070632881
849029,40.03662070632881
849030,46.626495633546526
849031,46.626495633546526
849032,46.626495633546526
849033,50.07194788755306
849034,50.07194788755306
849035,50.07194788755306
849036,50.07194788755306
849037,52.166069327043004
849038,52.166069327043004
849039,52.166069327043004
849040,52.166069327043004
849041,39.229751687240345
849042,39.229751687240345
849043,39.229751687240345
849044,39.229751687240345
849045,39.229751687240345
849046,39.229751687240345
849047,49.15609024385697
849048,49.15609024385697
849049,49.15609024385697
849050,49.15609024385697
849051,49.15609024385697
849052,49.15609024385697
849053,60.12889515848203
849054,60.12889515848203
849055,60.12889515848203
849056,60.12889515848203
849057,64.00113912561304
849058,64.00113912561304
849059,64.00113912561304
849060,64.00113912561304
849061,64.00113912561304
849062,64.00113912561304
849063,52.44805829716087
849064,52.44805829716087
849065,52.44805829716087
849066,52.44805829716087
849067,52.44805829716087
849068,52.44805829716087
849069,66.13241418546944
849070,66.13241418546944
849071,66.13241418546944
849072,66.13241418546944
849073,39.11861769202713
849074,39.11861769202713
849075,39.11861769202713
849076,39.11861769202713
849077,39.11861769202713
849078,39.11861769202713
849079,39.11861769202713
849080,39.11861769202713
849081,47.33776918421217
849082,47.33776918421217
849083,47.33776918421217
849084,47.33776918421217
849085,47.33776918421217
849086,47.33776918421217
849087,47.33776918421217
849088,47.33776918421217
849089,39.79207033230598
849090,39.79207033230598
849091,39.79207033230598
849092,39.79207033230598
849093,39.79207033230598
849094,39.79207033230598
849095,46.626495633546526
849096,46.626495633546526
849097,46.626495633546526
849098,50.07194788755306
849099,50.07194788755306
849100,50.07194788755306
849101,50.07194788755306
849102,52.166069327043004
849103,52.166069327043004
849104,52.166069327043004
849105,52.166069327043004
849106,39.229751687240345
849107,39.229751687240345
849108,39.229751687240345
849109,39.229751687240345
849110,39.229751687240345
849111,39.229751687240345
849112,49.15609024385697
849113,49.15609024385697
849114,49.15609024385697
849115,49.15609024385697
849116,49.15609024385697
849117,49.15609024385697
849118,60.12889515848203
849119,60.12889515848203
849120,60.12889515848203
849121,60.12889515848203
849122,64.00113912561304
849123,64.00113912561304
849124,64.00113912561304
849125,64.00113912561304
849126,64.00113912561304
849127,64.00113912561304
849128,52.44805829716087
849129,52.44805829716087
849130,52.44805829716087
849131,52.44805829716087
849132,52.44805829716087
849133,52.44805829716087
849134,66.13241418546944
849135,66.13241418546944
849136,66.13241418546944
849137,66.13241418546944
849138,39.11861769202713
849139,39.11861769202713
849140,39.11861769202713
849141,39.11861769202713
849142,39.11861769202713
849143,39.11861769202713
849144,39.11861769202713
849145,39.11861769202713
849146,47.33776918421217
849147,47.33776918421217
849148,47.33776918421217
849149,47.33776918421217
849150,47.33776918421217
849151,47.33776918421217
849152,47.33776918421217
849153,47.33776918421217
849154,39.79207033230598
849155,39.79207033230598
849156,39.79207033230598
849157,39.79207033230598
849158,39.79207033230598
849159,39.79207033230598
849160,46.626495633546526
849161,46.626495633546526
849162,46.626495633546526
849163,50.07194788755306
849164,50.07194788755306
849165,50.07194788755306
849166,50.07194788755306
849167,52.166069327043004
849168,52.166069327043004
849169,52.166069327043004
849170,52.166069327043004
849171,39.229751687240345
849172,39.229751687240345
849173,39.229751687240345
849174,39.229751687240345
849175,39.229751687240345
849176,39.229751687240345
849177,49.15609024385697
849178,49.15609024385697
849179,49.15609024385697
849180,49.15609024385697
849181,49.15609024385697
849182,49.15609024385697
849183,60.12889515848203
849184,60.12889515848203
849185,60.12889515848203
849186,60.12889515848203
849187,64.00113912561304
849188,64.00113912561304
849189,64.00113912561304
849190,64.00113912561304
849191,64.00113912561304
849192,64.00113912561304
849193,52.44805829716087
849194,52.44805829716087
849195,52.44805829716087
849196,52.44805829716087
849197,52.44805829716087
849198,52.44805829716087
849199,66.13241418546944
849200,66.13241418546944
849201,66.13241418546944
849202,66.13241418546944
849203,39.11861769202713
849204,39.11861769202713
849205,39.11861769202713
849206,39.11861769202713
849207,39.11861769202713
849208,39.11861769202713
849209,39.11861769202713
849210,39.11861769202713
849211,47.33776918421217
849212,47.33776918421217
849213,47.33776918421217
849214,47.33776918421217
849215,47.33776918421217
849216,47.33776918421217
849217,47.33776918421217
849218,47.33776918421217
849219,39.79207033230598
849220,39.79207033230598
849221,39.79207033230598
849222,39.79207033230598
849223,39.79207033230598
849224,39.79207033230598
849225,46.56225586014115
849226,46.56225586014115
849227,46.56225586014115
849228,50.07683061380307
849229,50.07683061380307
849230,50.07683061380307
849231,50.07683061380307
849232,52.4537079054342
849233,52.4537079054342
849234,52.4537079054342
849235,52.4537079054342
849236,39.16511244420827
849237,39.16511244420827
849238,39.16511244420827
849239,39.16511244420827
849240,39.16511244420827
849241,39.16511244420827
849242,49.26293968293078
849243,49.26293968293078
849244,49.26293968293078
849245,49.26293968293078
849246,49.26293968293078
849247,49.26293968293078
849248,60.298713156053644
849249,60.298713156053644
849250,60.298713156053644
849251,60.298713156053644
849252,64.35280768957794
849253,64.35280768957794
849254,64.35280768957794
849255,64.35280768957794
849256,64.35280768957794
849257,64.35280768957794
849258,52.781817666642105
849259,52.781817666642105
849260,52.781817666642105
849261,52.781817666642105
849262,52.781817666642105
849263,52.781817666642105
849264,66.27542893730744
849265,66.27542893730744
849266,66.27542893730744
849267,66.27542893730744
849268,38.9389885418571
849269,38.9389885418571
849270,38.9389885418571
849271,38.9389885418571
849272,38.9389885418571
849273,38.9389885418571
849274,38.9389885418571
849275,38.9389885418571
849276,49.303944391216696
849277,49.303944391216696
849278,49.303944391216696
849279,49.303944391216696
849280,49.303944391216696
849281,49.303944391216696
849282,49.303944391216696
849283,49.303944391216696
849284,39.573628248328326
849285,39.573628248328326
849286,39.573628248328326
849287,39.573628248328326
849288,39.573628248328326
849289,39.573628248328326
849290,46.56225586014115
849291,46.56225586014115
849292,46.56225586014115
849293,50.07683061380307
849294,50.07683061380307
849295,50.07683061380307
849296,50.07683061380307
849297,52.4537079054342
849298,52.4537079054342
849299,52.4537079054342
849300,52.4537079054342
849301,39.16511244420827
849302,39.16511244420827
849303,39.16511244420827
849304,39.16511244420827
849305,39.16511244420827
849306,39.16511244420827
849307,49.26293968293078
849308,49.26293968293078
849309,49.26293968293078
849310,49.26293968293078
849311,49.26293968293078
849312,49.26293968293078
849313,60.298713156053644
849314,60.298713156053644
849315,60.298713156053644
849316,60.298713156053644
849317,64.35280768957794
849318,64.35280768957794
849319,64.35280768957794
849320,64.35280768957794
849321,64.35280768957794
849322,64.35280768957794
849323,52.781817666642105
849324,52.781817666642105
849325,52.781817666642105
849326,52.781817666642105
849327,52.781817666642105
849328,52.781817666642105
849329,66.27542893730744
849330,66.27542893730744
849331,66.27542893730744
849332,66.27542893730744
849333,38.9389885418571
849334,38.9389885418571
849335,38.9389885418571
849336,38.9389885418571
849337,38.9389885418571
849338,38.9389885418571
849339,38.9389885418571
849340,38.9389885418571
849341,49.303944391216696
849342,49.303944391216696
849343,49.303944391216696
849344,49.303944391216696
849345,49.303944391216696
849346,49.303944391216696
849347,49.303944391216696
849348,49.303944391216696
849349,39.573628248328326
849350,39.573628248328326
849351,39.573628248328326
849352,39.573628248328326
849353,39.573628248328326
849354,39.573628248328326
849355,46.56225586014115
849356,46.56225586014115
849357,46.56225586014115
849358,50.07683061380307
849359,50.07683061380307
849360,50.07683061380307
849361,50.07683061380307
849362,52.4537079054342
849363,52.4537079054342
849364,52.4537079054342
849365,52.4537079054342
849366,39.16511244420827
849367,39.16511244420827
849368,39.16511244420827
849369,39.16511244420827
849370,39.16511244420827
849371,39.16511244420827
849372,49.26293968293078
849373,49.26293968293078
849374,49.26293968293078
849375,49.26293968293078
849376,49.26293968293078
849377,49.26293968293078
849378,60.298713156053644
849379,60.298713156053644
849380,60.298713156053644
849381,60.298713156053644
849382,64.35280768957794
849383,64.35280768957794
849384,64.35280768957794
849385,64.35280768957794
849386,64.35280768957794
849387,64.35280768957794
849388,52.781817666642105
849389,52.781817666642105
849390,52.781817666642105
849391,52.781817666642105
849392,52.781817666642105
849393,52.781817666642105
849394,66.27542893730744
849395,66.27542893730744
849396,66.27542893730744
849397,66.27542893730744
849398,38.9389885418571
849399,38.9389885418571
849400,38.9389885418571
849401,38.9389885418571
849402,38.9389885418571
849403,38.9389885418571
849404,38.9389885418571
849405,38.9389885418571
849406,49.303944391216696
849407,49.303944391216696
849408,49.303944391216696
849409,49.303944391216696
849410,49.303944391216696
849411,49.303944391216696
849412,49.303944391216696
849413,49.303944391216696
849414,39.573628248328326
849415,39.573628248328326
849416,39.573628248328326
849417,39.573628248328326
849418,39.573628248328326
849419,39.573628248328326
849420,47.76760202585721
849421,47.76760202585721
849422,47.76760202585721
849423,52.129342330154095
849424,52.129342330154095
849425,52.129342330154095
849426,52.129342330154095
849427,54.26275356190283
849428,54.26275356190283
849429,54.26275356190283
849430,54.26275356190283
849431,40.83824227279705
849432,40.83824227279705
849433,40.83824227279705
849434,40.83824227279705
849435,40.83824227279705
849436,40.83824227279705
849437,49.555291446986104
849438,49.555291446986104
849439,49.555291446986104
849440,49.555291446986104
849441,49.555291446986104
849442,49.555291446986104
849443,61.31769925497029
849444,61.31769925497029
849445,61.31769925497029
849446,61.31769925497029
849447,65.0341344044818
849448,65.0341344044818
849449,65.0341344044818
849450,65.0341344044818
849451,65.0341344044818
849452,65.0341344044818
849453,54.910350930896705
849454,54.910350930896705
849455,54.910350930896705
849456,54.910350930896705
849457,54.910350930896705
849458,54.910350930896705
849459,64.68837367686281
849460,64.68837367686281
849461,64.68837367686281
849462,64.68837367686281
849463,41.51826863000598
849464,41.51826863000598
849465,41.51826863000598
849466,41.51826863000598
849467,41.51826863000598
849468,41.51826863000598
849469,41.51826863000598
849470,41.51826863000598
849471,53.72678257205688
849472,53.72678257205688
849473,53.72678257205688
849474,53.72678257205688
849475,53.72678257205688
849476,53.72678257205688
849477,53.72678257205688
849478,53.72678257205688
849479,41.23051917066426
849480,41.23051917066426
849481,41.23051917066426
849482,41.23051917066426
849483,41.23051917066426
849484,41.23051917066426
849485,47.76760202585721
849486,47.76760202585721
849487,47.76760202585721
849488,52.129342330154095
849489,52.129342330154095
849490,52.129342330154095
849491,52.129342330154095
849492,54.26275356190283
849493,54.26275356190283
849494,54.26275356190283
849495,54.26275356190283
849496,40.83824227279705
849497,40.83824227279705
849498,40.83824227279705
849499,40.83824227279705
849500,40.83824227279705
849501,40.83824227279705
849502,49.555291446986104
849503,49.555291446986104
849504,49.555291446986104
849505,49.555291446986104
849506,49.555291446986104
849507,49.555291446986104
849508,61.31769925497029
849509,61.31769925497029
849510,61.31769925497029
849511,61.31769925497029
849512,65.0341344044818
849513,65.0341344044818
849514,65.0341344044818
849515,65.0341344044818
849516,65.0341344044818
849517,65.0341344044818
849518,54.910350930896705
849519,54.910350930896705
849520,54.910350930896705
849521,54.910350930896705
849522,54.910350930896705
849523,54.910350930896705
849524,64.68837367686281
849525,64.68837367686281
849526,64.68837367686281
849527,64.68837367686281
849528,41.51826863000598
849529,41.51826863000598
849530,41.51826863000598
849531,41.51826863000598
849532,41.51826863000598
849533,41.51826863000598
849534,41.51826863000598
849535,41.51826863000598
849536,53.72678257205688
849537,53.72678257205688
849538,53.72678257205688
849539,53.72678257205688
849540,53.72678257205688
849541,53.72678257205688
849542,53.72678257205688
849543,53.72678257205688
849544,41.23051917066426
849545,41.23051917066426
849546,41.23051917066426
849547,41.23051917066426
849548,41.23051917066426
849549,41.23051917066426
849550,47.76760202585721
849551,47.76760202585721
849552,47.76760202585721
849553,52.129342330154095
849554,52.129342330154095
849555,52.129342330154095
849556,52.129342330154095
849557,54.26275356190283
849558,54.26275356190283
849559,54.26275356190283
849560,54.26275356190283
849561,40.83824227279705
849562,40.83824227279705
849563,40.83824227279705
849564,40.83824227279705
849565,40.83824227279705
849566,40.83824227279705
849567,49.555291446986104
849568,49.555291446986104
849569,49.555291446986104
849570,49.555291446986104
849571,49.555291446986104
849572,49.555291446986104
849573,61.31769925497029
849574,61.31769925497029
849575,61.31769925497029
849576,61.31769925497029
849577,65.0341344044818
849578,65.0341344044818
849579,65.0341344044818
849580,65.0341344044818
849581,65.0341344044818
849582,65.0341344044818
849583,54.910350930896705
849584,54.910350930896705
849585,54.910350930896705
849586,54.910350930896705
849587,54.910350930896705
849588,54.910350930896705
849589,64.68837367686281
849590,64.68837367686281
849591,64.68837367686281
849592,64.68837367686281
849593,41.51826863000598
849594,41.51826863000598
849595,41.51826863000598
849596,41.51826863000598
849597,41.51826863000598
849598,41.51826863000598
849599,41.51826863000598
849600,41.51826863000598
849601,53.72678257205688
849602,53.72678257205688
849603,53.72678257205688
849604,53.72678257205688
849605,53.72678257205688
849606,53.72678257205688
849607,53.72678257205688
849608,53.72678257205688
849609,41.23051917066426
849610,41.23051917066426
849611,41.23051917066426
849612,41.23051917066426
849613,41.23051917066426
849614,41.23051917066426
849615,47.690135373128896
849616,47.690135373128896
849617,47.690135373128896
849618,51.994530339851295
849619,51.994530339851295
849620,51.994530339851295
849621,51.994530339851295
849622,54.63505990211158
849623,54.63505990211158
849624,54.63505990211158
849625,54.63505990211158
849626,41.171918865919054
849627,41.171918865919054
849628,41.171918865919054
849629,41.171918865919054
849630,41.171918865919054
849631,41.171918865919054
849632,49.34376184514799
849633,49.34376184514799
849634,49.34376184514799
849635,49.34376184514799
849636,49.34376184514799
849637,49.34376184514799
849638,61.159572451603374
849639,61.159572451603374
849640,61.159572451603374
849641,61.159572451603374
849642,65.47900776536939
849643,65.47900776536939
849644,65.47900776536939
849645,65.47900776536939
849646,65.47900776536939
849647,65.47900776536939
849648,54.791635819058165
849649,54.791635819058165
849650,54.791635819058165
849651,54.791635819058165
849652,54.791635819058165
849653,54.791635819058165
849654,64.68837367686281
849655,64.68837367686281
849656,64.68837367686281
849657,64.68837367686281
849658,41.678462540447214
849659,41.678462540447214
849660,41.678462540447214
849661,41.678462540447214
849662,41.678462540447214
849663,41.678462540447214
849664,41.678462540447214
849665,41.678462540447214
849666,55.80235458606715
849667,55.80235458606715
849668,55.80235458606715
849669,55.80235458606715
849670,55.80235458606715
849671,55.80235458606715
849672,55.80235458606715
849673,55.80235458606715
849674,42.457665083381386
849675,42.457665083381386
849676,42.457665083381386
849677,42.457665083381386
849678,42.457665083381386
849679,42.457665083381386
849680,47.690135373128896
849681,47.690135373128896
849682,47.690135373128896
849683,51.994530339851295
849684,51.994530339851295
849685,51.994530339851295
849686,51.994530339851295
849687,54.63505990211158
849688,54.63505990211158
849689,54.63505990211158
849690,54.63505990211158
849691,41.171918865919054
849692,41.171918865919054
849693,41.171918865919054
849694,41.171918865919054
849695,41.171918865919054
849696,41.171918865919054
849697,49.34376184514799
849698,49.34376184514799
849699,49.34376184514799
849700,49.34376184514799
849701,49.34376184514799
849702,49.34376184514799
849703,61.159572451603374
849704,61.159572451603374
849705,61.159572451603374
849706,61.159572451603374
849707,65.47900776536939
849708,65.47900776536939
849709,65.47900776536939
849710,65.47900776536939
849711,65.47900776536939
849712,65.47900776536939
849713,54.791635819058165
849714,54.791635819058165
849715,54.791635819058165
849716,54.791635819058165
849717,54.791635819058165
849718,54.791635819058165
849719,64.68837367686281
849720,64.68837367686281
849721,64.68837367686281
849722,64.68837367686281
849723,41.678462540447214
849724,41.678462540447214
849725,41.678462540447214
849726,41.678462540447214
849727,41.678462540447214
849728,41.678462540447214
849729,41.678462540447214
849730,41.678462540447214
849731,55.80235458606715
849732,55.80235458606715
849733,55.80235458606715
849734,55.80235458606715
849735,55.80235458606715
849736,55.80235458606715
849737,55.80235458606715
849738,55.80235458606715
849739,42.457665083381386
849740,42.457665083381386
849741,42.457665083381386
849742,42.457665083381386
849743,42.457665083381386
849744,42.457665083381386
849745,47.690135373128896
849746,47.690135373128896
849747,47.690135373128896
849748,51.994530339851295
849749,51.994530339851295
849750,51.994530339851295
849751,51.994530339851295
849752,54.63505990211158
849753,54.63505990211158
849754,54.63505990211158
849755,54.63505990211158
849756,41.171918865919054
849757,41.171918865919054
849758,41.171918865919054
849759,41.171918865919054
849760,41.171918865919054
849761,41.171918865919054
849762,49.34376184514799
849763,49.34376184514799
849764,49.34376184514799
849765,49.34376184514799
849766,49.34376184514799
849767,49.34376184514799
849768,61.159572451603374
849769,61.159572451603374
849770,61.159572451603374
849771,61.159572451603374
849772,65.47900776536939
849773,65.47900776536939
849774,65.47900776536939
849775,65.47900776536939
849776,65.47900776536939
849777,65.47900776536939
849778,54.791635819058165
849779,54.791635819058165
849780,54.791635819058165
849781,54.791635819058165
849782,54.791635819058165
849783,54.791635819058165
849784,64.68837367686281
849785,64.68837367686281
849786,64.68837367686281
849787,64.68837367686281
849788,41.678462540447214
849789,41.678462540447214
849790,41.678462540447214
849791,41.678462540447214
849792,41.678462540447214
849793,41.678462540447214
849794,41.678462540447214
849795,41.678462540447214
849796,55.80235458606715
849797,55.80235458606715
849798,55.80235458606715
849799,55.80235458606715
849800,55.80235458606715
849801,55.80235458606715
849802,55.80235458606715
849803,55.80235458606715
849804,42.457665083381386
849805,42.457665083381386
849806,42.457665083381386
849807,42.457665083381386
849808,42.457665083381386
849809,42.457665083381386
849810,47.690135373128896
849811,47.690135373128896
849812,47.690135373128896
849813,51.64639073058391
849814,51.64639073058391
849815,51.64639073058391
849816,51.64639073058391
849817,54.64910732956789
849818,54.64910732956789
849819,54.64910732956789
849820,54.64910732956789
849821,41.71595709571365
849822,41.71595709571365
849823,41.71595709571365
849824,41.71595709571365
849825,41.71595709571365
849826,41.71595709571365
849827,49.34376184514799
849828,49.34376184514799
849829,49.34376184514799
849830,49.34376184514799
849831,49.34376184514799
849832,49.34376184514799
849833,60.75122447443002
849834,60.75122447443002
849835,60.75122447443002
849836,60.75122447443002
849837,65.49579320679058
849838,65.49579320679058
849839,65.49579320679058
849840,65.49579320679058
849841,65.49579320679058
849842,65.49579320679058
849843,55.51137501055299
849844,55.51137501055299
849845,55.51137501055299
849846,55.51137501055299
849847,55.51137501055299
849848,55.51137501055299
849849,64.68837367686281
849850,64.68837367686281
849851,64.68837367686281
849852,64.68837367686281
849853,41.71952787406139
849854,41.71952787406139
849855,41.71952787406139
849856,41.71952787406139
849857,41.71952787406139
849858,41.71952787406139
849859,41.71952787406139
849860,41.71952787406139
849861,56.65629975309064
849862,56.65629975309064
849863,56.65629975309064
849864,56.65629975309064
849865,56.65629975309064
849866,56.65629975309064
849867,56.65629975309064
849868,56.65629975309064
849869,43.95043579313483
849870,43.95043579313483
849871,43.95043579313483
849872,43.95043579313483
849873,43.95043579313483
849874,43.95043579313483
849875,47.690135373128896
849876,47.690135373128896
849877,47.690135373128896
849878,51.64639073058391
849879,51.64639073058391
849880,51.64639073058391
849881,51.64639073058391
849882,54.64910732956789
849883,54.64910732956789
849884,54.64910732956789
849885,54.64910732956789
849886,41.71595709571365
849887,41.71595709571365
849888,41.71595709571365
849889,41.71595709571365
849890,41.71595709571365
849891,41.71595709571365
849892,49.34376184514799
849893,49.34376184514799
849894,49.34376184514799
849895,49.34376184514799
849896,49.34376184514799
849897,49.34376184514799
849898,60.75122447443002
849899,60.75122447443002
849900,60.75122447443002
849901,60.75122447443002
849902,65.49579320679058
849903,65.49579320679058
849904,65.49579320679058
849905,65.49579320679058
849906,65.49579320679058
849907,65.49579320679058
849908,55.51137501055299
849909,55.51137501055299
849910,55.51137501055299
849911,55.51137501055299
849912,55.51137501055299
849913,55.51137501055299
849914,64.68837367686281
849915,64.68837367686281
849916,64.68837367686281
849917,64.68837367686281
849918,41.71952787406139
849919,41.71952787406139
849920,41.71952787406139
849921,41.71952787406139
849922,41.71952787406139
849923,41.71952787406139
849924,41.71952787406139
849925,41.71952787406139
849926,56.65629975309064
849927,56.65629975309064
849928,56.65629975309064
849929,56.65629975309064
849930,56.65629975309064
849931,56.65629975309064
849932,56.65629975309064
849933,56.65629975309064
849934,43.95043579313483
849935,43.95043579313483
849936,43.95043579313483
849937,43.95043579313483
849938,43.95043579313483
849939,43.95043579313483
849940,47.690135373128896
849941,47.690135373128896
849942,47.690135373128896
849943,51.64639073058391
849944,51.64639073058391
849945,51.64639073058391
849946,51.64639073058391
849947,54.64910732956789
849948,54.64910732956789
849949,54.64910732956789
849950,54.64910732956789
849951,41.71595709571365
849952,41.71595709571365
849953,41.71595709571365
849954,41.71595709571365
849955,41.71595709571365
849956,41.71595709571365
849957,49.34376184514799
849958,49.34376184514799
849959,49.34376184514799
849960,49.34376184514799
849961,49.34376184514799
849962,49.34376184514799
849963,60.75122447443002
849964,60.75122447443002
849965,60.75122447443002
849966,60.75122447443002
849967,65.49579320679058
849968,65.49579320679058
849969,65.49579320679058
849970,65.49579320679058
849971,65.49579320679058
849972,65.49579320679058
849973,55.51137501055299
849974,55.51137501055299
849975,55.51137501055299
849976,55.51137501055299
849977,55.51137501055299
849978,55.51137501055299
849979,64.68837367686281
849980,64.68837367686281
849981,64.68837367686281
849982,64.68837367686281
849983,41.71952787406139
849984,41.71952787406139
849985,41.71952787406139
849986,41.71952787406139
849987,41.71952787406139
849988,41.71952787406139
849989,41.71952787406139
849990,41.71952787406139
849991,56.65629975309064
849992,56.65629975309064
849993,56.65629975309064
849994,56.65629975309064
849995,56.65629975309064
849996,56.65629975309064
849997,56.65629975309064
849998,56.65629975309064
849999,43.95043579313483
850000,43.95043579313483
850001,43.95043579313483
850002,43.95043579313483
850003,43.95043579313483
850004,43.95043579313483
850005,47.04133992918609
850006,47.04133992918609
850007,47.04133992918609
850008,50.70508203204443
850009,50.70508203204443
850010,50.70508203204443
850011,50.70508203204443
850012,52.28550457076528
850013,52.28550457076528
850014,52.28550457076528
850015,52.28550457076528
850016,41.75807690822591
850017,41.75807690822591
850018,41.75807690822591
850019,41.75807690822591
850020,41.75807690822591
850021,41.75807690822591
850022,48.10649814547295
850023,48.10649814547295
850024,48.10649814547295
850025,48.10649814547295
850026,48.10649814547295
850027,48.10649814547295
850028,59.0816213971747
850029,59.0816213971747
850030,59.0816213971747
850031,59.0816213971747
850032,63.024265159244834
850033,63.024265159244834
850034,63.024265159244834
850035,63.024265159244834
850036,63.024265159244834
850037,63.024265159244834
850038,54.82143141178241
850039,54.82143141178241
850040,54.82143141178241
850041,54.82143141178241
850042,54.82143141178241
850043,54.82143141178241
850044,64.212547883357
850045,64.212547883357
850046,64.212547883357
850047,64.212547883357
850048,40.51391851656077
850049,40.51391851656077
850050,40.51391851656077
850051,40.51391851656077
850052,40.51391851656077
850053,40.51391851656077
850054,40.51391851656077
850055,40.51391851656077
850056,54.15485052544738
850057,54.15485052544738
850058,54.15485052544738
850059,54.15485052544738
850060,54.15485052544738
850061,54.15485052544738
850062,54.15485052544738
850063,54.15485052544738
850064,44.42456306051674
850065,44.42456306051674
850066,44.42456306051674
850067,44.42456306051674
850068,44.42456306051674
850069,44.42456306051674
850070,47.04133992918609
850071,47.04133992918609
850072,47.04133992918609
850073,50.70508203204443
850074,50.70508203204443
850075,50.70508203204443
850076,50.70508203204443
850077,52.28550457076528
850078,52.28550457076528
850079,52.28550457076528
850080,52.28550457076528
850081,41.75807690822591
850082,41.75807690822591
850083,41.75807690822591
850084,41.75807690822591
850085,41.75807690822591
850086,41.75807690822591
850087,48.10649814547295
850088,48.10649814547295
850089,48.10649814547295
850090,48.10649814547295
850091,48.10649814547295
850092,48.10649814547295
850093,59.0816213971747
850094,59.0816213971747
850095,59.0816213971747
850096,59.0816213971747
850097,63.024265159244834
850098,63.024265159244834
850099,63.024265159244834
850100,63.024265159244834
850101,63.024265159244834
850102,63.024265159244834
850103,54.82143141178241
850104,54.82143141178241
850105,54.82143141178241
850106,54.82143141178241
850107,54.82143141178241
850108,54.82143141178241
850109,64.212547883357
850110,64.212547883357
850111,64.212547883357
850112,64.212547883357
850113,40.51391851656077
850114,40.51391851656077
850115,40.51391851656077
850116,40.51391851656077
850117,40.51391851656077
850118,40.51391851656077
850119,40.51391851656077
850120,40.51391851656077
850121,54.15485052544738
850122,54.15485052544738
850123,54.15485052544738
850124,54.15485052544738
850125,54.15485052544738
850126,54.15485052544738
850127,54.15485052544738
850128,54.15485052544738
850129,44.42456306051674
850130,44.42456306051674
850131,44.42456306051674
850132,44.42456306051674
850133,44.42456306051674
850134,44.42456306051674
850135,47.04133992918609
850136,47.04133992918609
850137,47.04133992918609
850138,50.70508203204443
850139,50.70508203204443
850140,50.70508203204443
850141,50.70508203204443
850142,52.28550457076528
850143,52.28550457076528
850144,52.28550457076528
850145,52.28550457076528
850146,41.75807690822591
850147,41.75807690822591
850148,41.75807690822591
850149,41.75807690822591
850150,41.75807690822591
850151,41.75807690822591
850152,48.10649814547295
850153,48.10649814547295
850154,48.10649814547295
850155,48.10649814547295
850156,48.10649814547295
850157,48.10649814547295
850158,59.0816213971747
850159,59.0816213971747
850160,59.0816213971747
850161,59.0816213971747
850162,63.024265159244834
850163,63.024265159244834
850164,63.024265159244834
850165,63.024265159244834
850166,63.024265159244834
850167,63.024265159244834
850168,54.82143141178241
850169,54.82143141178241
850170,54.82143141178241
850171,54.82143141178241
850172,54.82143141178241
850173,54.82143141178241
850174,64.212547883357
850175,64.212547883357
850176,64.212547883357
850177,64.212547883357
850178,40.51391851656077
850179,40.51391851656077
850180,40.51391851656077
850181,40.51391851656077
850182,40.51391851656077
850183,40.51391851656077
850184,40.51391851656077
850185,40.51391851656077
850186,54.15485052544738
850187,54.15485052544738
850188,54.15485052544738
850189,54.15485052544738
850190,54.15485052544738
850191,54.15485052544738
850192,54.15485052544738
850193,54.15485052544738
850194,44.42456306051674
850195,44.42456306051674
850196,44.42456306051674
850197,44.42456306051674
850198,44.42456306051674
850199,44.42456306051674
850200,46.01243447351252
850201,46.01243447351252
850202,46.01243447351252
850203,49.59789682009989
850204,49.59789682009989
850205,49.59789682009989
850206,49.59789682009989
850207,50.421129049817345
850208,50.421129049817345
850209,50.421129049817345
850210,50.421129049817345
850211,39.437365593483555
850212,39.437365593483555
850213,39.437365593483555
850214,39.437365593483555
850215,39.437365593483555
850216,39.437365593483555
850217,46.49528212367139
850218,46.49528212367139
850219,46.49528212367139
850220,46.49528212367139
850221,46.49528212367139
850222,46.49528212367139
850223,58.349468780136874
850224,58.349468780136874
850225,58.349468780136874
850226,58.349468780136874
850227,60.74435683508323
850228,60.74435683508323
850229,60.74435683508323
850230,60.74435683508323
850231,60.74435683508323
850232,60.74435683508323
850233,52.40684896300431
850234,52.40684896300431
850235,52.40684896300431
850236,52.40684896300431
850237,52.40684896300431
850238,52.40684896300431
850239,65.10074206676332
850240,65.10074206676332
850241,65.10074206676332
850242,65.10074206676332
850243,38.15240386553386
850244,38.15240386553386
850245,38.15240386553386
850246,38.15240386553386
850247,38.15240386553386
850248,38.15240386553386
850249,38.15240386553386
850250,38.15240386553386
850251,49.37227574516443
850252,49.37227574516443
850253,49.37227574516443
850254,49.37227574516443
850255,49.37227574516443
850256,49.37227574516443
850257,49.37227574516443
850258,49.37227574516443
850259,42.90994957841795
850260,42.90994957841795
850261,42.90994957841795
850262,42.90994957841795
850263,42.90994957841795
850264,42.90994957841795
850265,46.01243447351252
850266,46.01243447351252
850267,46.01243447351252
850268,49.59789682009989
850269,49.59789682009989
850270,49.59789682009989
850271,49.59789682009989
850272,50.421129049817345
850273,50.421129049817345
850274,50.421129049817345
850275,50.421129049817345
850276,39.437365593483555
850277,39.437365593483555
850278,39.437365593483555
850279,39.437365593483555
850280,39.437365593483555
850281,39.437365593483555
850282,46.49528212367139
850283,46.49528212367139
850284,46.49528212367139
850285,46.49528212367139
850286,46.49528212367139
850287,46.49528212367139
850288,58.349468780136874
850289,58.349468780136874
850290,58.349468780136874
850291,58.349468780136874
850292,60.74435683508323
850293,60.74435683508323
850294,60.74435683508323
850295,60.74435683508323
850296,60.74435683508323
850297,60.74435683508323
850298,52.40684896300431
850299,52.40684896300431
850300,52.40684896300431
850301,52.40684896300431
850302,52.40684896300431
850303,52.40684896300431
850304,65.10074206676332
850305,65.10074206676332
850306,65.10074206676332
850307,65.10074206676332
850308,38.15240386553386
850309,38.15240386553386
850310,38.15240386553386
850311,38.15240386553386
850312,38.15240386553386
850313,38.15240386553386
850314,38.15240386553386
850315,38.15240386553386
850316,49.37227574516443
850317,49.37227574516443
850318,49.37227574516443
850319,49.37227574516443
850320,49.37227574516443
850321,49.37227574516443
850322,49.37227574516443
850323,49.37227574516443
850324,42.90994957841795
850325,42.90994957841795
850326,42.90994957841795
850327,42.90994957841795
850328,42.90994957841795
850329,42.90994957841795
850330,46.01243447351252
850331,46.01243447351252
850332,46.01243447351252
850333,49.59789682009989
850334,49.59789682009989
850335,49.59789682009989
850336,49.59789682009989
850337,50.421129049817345
850338,50.421129049817345
850339,50.421129049817345
850340,50.421129049817345
850341,39.437365593483555
850342,39.437365593483555
850343,39.437365593483555
850344,39.437365593483555
850345,39.437365593483555
850346,39.437365593483555
850347,46.49528212367139
850348,46.49528212367139
850349,46.49528212367139
850350,46.49528212367139
850351,46.49528212367139
850352,46.49528212367139
850353,58.349468780136874
850354,58.349468780136874
850355,58.349468780136874
850356,58.349468780136874
850357,60.74435683508323
850358,60.74435683508323
850359,60.74435683508323
850360,60.74435683508323
850361,60.74435683508323
850362,60.74435683508323
850363,52.40684896300431
850364,52.40684896300431
850365,52.40684896300431
850366,52.40684896300431
850367,52.40684896300431
850368,52.40684896300431
850369,65.10074206676332
850370,65.10074206676332
850371,65.10074206676332
850372,65.10074206676332
850373,38.15240386553386
850374,38.15240386553386
850375,38.15240386553386
850376,38.15240386553386
850377,38.15240386553386
850378,38.15240386553386
850379,38.15240386553386
850380,38.15240386553386
850381,49.37227574516443
850382,49.37227574516443
850383,49.37227574516443
850384,49.37227574516443
850385,49.37227574516443
850386,49.37227574516443
850387,49.37227574516443
850388,49.37227574516443
850389,42.90994957841795
850390,42.90994957841795
850391,42.90994957841795
850392,42.90994957841795
850393,42.90994957841795
850394,42.90994957841795
850395,45.53966199130378
850396,45.53966199130378
850397,45.53966199130378
850398,49.17458270498978
850399,49.17458270498978
850400,49.17458270498978
850401,49.17458270498978
850402,49.52172138636564
850403,49.52172138636564
850404,49.52172138636564
850405,49.52172138636564
850406,37.929791005698156
850407,37.929791005698156
850408,37.929791005698156
850409,37.929791005698156
850410,37.929791005698156
850411,37.929791005698156
850412,46.01765396690227
850413,46.01765396690227
850414,46.01765396690227
850415,46.01765396690227
850416,46.01765396690227
850417,46.01765396690227
850418,58.19572322516741
850419,58.19572322516741
850420,58.19572322516741
850421,58.19572322516741
850422,60.017722461850624
850423,60.017722461850624
850424,60.017722461850624
850425,60.017722461850624
850426,60.017722461850624
850427,60.017722461850624
850428,50.38861604332405
850429,50.38861604332405
850430,50.38861604332405
850431,50.38861604332405
850432,50.38861604332405
850433,50.38861604332405
850434,65.15872843049468
850435,65.15872843049468
850436,65.15872843049468
850437,65.15872843049468
850438,37.53098243154935
850439,37.53098243154935
850440,37.53098243154935
850441,37.53098243154935
850442,37.53098243154935
850443,37.53098243154935
850444,37.53098243154935
850445,37.53098243154935
850446,47.53682198600723
850447,47.53682198600723
850448,47.53682198600723
850449,47.53682198600723
850450,47.53682198600723
850451,47.53682198600723
850452,47.53682198600723
850453,47.53682198600723
850454,40.751165454950026
850455,40.751165454950026
850456,40.751165454950026
850457,40.751165454950026
850458,40.751165454950026
850459,40.751165454950026
850460,45.53966199130378
850461,45.53966199130378
850462,45.53966199130378
850463,49.17458270498978
850464,49.17458270498978
850465,49.17458270498978
850466,49.17458270498978
850467,49.52172138636564
850468,49.52172138636564
850469,49.52172138636564
850470,49.52172138636564
850471,37.929791005698156
850472,37.929791005698156
850473,37.929791005698156
850474,37.929791005698156
850475,37.929791005698156
850476,37.929791005698156
850477,46.01765396690227
850478,46.01765396690227
850479,46.01765396690227
850480,46.01765396690227
850481,46.01765396690227
850482,46.01765396690227
850483,58.19572322516741
850484,58.19572322516741
850485,58.19572322516741
850486,58.19572322516741
850487,60.017722461850624
850488,60.017722461850624
850489,60.017722461850624
850490,60.017722461850624
850491,60.017722461850624
850492,60.017722461850624
850493,50.38861604332405
850494,50.38861604332405
850495,50.38861604332405
850496,50.38861604332405
850497,50.38861604332405
850498,50.38861604332405
850499,65.15872843049468
850500,65.15872843049468
850501,65.15872843049468
850502,65.15872843049468
850503,37.53098243154935
850504,37.53098243154935
850505,37.53098243154935
850506,37.53098243154935
850507,37.53098243154935
850508,37.53098243154935
850509,37.53098243154935
850510,37.53098243154935
850511,47.53682198600723
850512,47.53682198600723
850513,47.53682198600723
850514,47.53682198600723
850515,47.53682198600723
850516,47.53682198600723
850517,47.53682198600723
850518,47.53682198600723
850519,40.751165454950026
850520,40.751165454950026
850521,40.751165454950026
850522,40.751165454950026
850523,40.751165454950026
850524,40.751165454950026
850525,45.53966199130378
850526,45.53966199130378
850527,45.53966199130378
850528,49.17458270498978
850529,49.17458270498978
850530,49.17458270498978
850531,49.17458270498978
850532,49.52172138636564
850533,49.52172138636564
850534,49.52172138636564
850535,49.52172138636564
850536,37.929791005698156
850537,37.929791005698156
850538,37.929791005698156
850539,37.929791005698156
850540,37.929791005698156
850541,37.929791005698156
850542,46.01765396690227
850543,46.01765396690227
850544,46.01765396690227
850545,46.01765396690227
850546,46.01765396690227
850547,46.01765396690227
850548,58.19572322516741
850549,58.19572322516741
850550,58.19572322516741
850551,58.19572322516741
850552,60.017722461850624
850553,60.017722461850624
850554,60.017722461850624
850555,60.017722461850624
850556,60.017722461850624
850557,60.017722461850624
850558,50.38861604332405
850559,50.38861604332405
850560,50.38861604332405
850561,50.38861604332405
850562,50.38861604332405
850563,50.38861604332405
850564,65.15872843049468
850565,65.15872843049468
850566,65.15872843049468
850567,65.15872843049468
850568,37.53098243154935
850569,37.53098243154935
850570,37.53098243154935
850571,37.53098243154935
850572,37.53098243154935
850573,37.53098243154935
850574,37.53098243154935
850575,37.53098243154935
850576,47.53682198600723
850577,47.53682198600723
850578,47.53682198600723
850579,47.53682198600723
850580,47.53682198600723
850581,47.53682198600723
850582,47.53682198600723
850583,47.53682198600723
850584,40.751165454950026
850585,40.751165454950026
850586,40.751165454950026
850587,40.751165454950026
850588,40.751165454950026
850589,40.751165454950026
850590,45.21847128996515
850591,45.21847128996515
850592,45.21847128996515
850593,48.36305983464358
850594,48.36305983464358
850595,48.36305983464358
850596,48.36305983464358
850597,48.80820722914077
850598,48.80820722914077
850599,48.80820722914077
850600,48.80820722914077
850601,37.50363422370458
850602,37.50363422370458
850603,37.50363422370458
850604,37.50363422370458
850605,37.50363422370458
850606,37.50363422370458
850607,45.59459866098067
850608,45.59459866098067
850609,45.59459866098067
850610,45.59459866098067
850611,45.59459866098067
850612,45.59459866098067
850613,56.632427294785515
850614,56.632427294785515
850615,56.632427294785515
850616,56.632427294785515
850617,57.6837153049233
850618,57.6837153049233
850619,57.6837153049233
850620,57.6837153049233
850621,57.6837153049233
850622,57.6837153049233
850623,48.479318858329734
850624,48.479318858329734
850625,48.479318858329734
850626,48.479318858329734
850627,48.479318858329734
850628,48.479318858329734
850629,63.087740344216115
850630,63.087740344216115
850631,63.087740344216115
850632,63.087740344216115
850633,37.72648522383696
850634,37.72648522383696
850635,37.72648522383696
850636,37.72648522383696
850637,37.72648522383696
850638,37.72648522383696
850639,37.72648522383696
850640,37.72648522383696
850641,46.09342733380516
850642,46.09342733380516
850643,46.09342733380516
850644,46.09342733380516
850645,46.09342733380516
850646,46.09342733380516
850647,46.09342733380516
850648,46.09342733380516
850649,40.693448862951186
850650,40.693448862951186
850651,40.693448862951186
850652,40.693448862951186
850653,40.693448862951186
850654,40.693448862951186
850655,45.21847128996515
850656,45.21847128996515
850657,45.21847128996515
850658,48.36305983464358
850659,48.36305983464358
850660,48.36305983464358
850661,48.36305983464358
850662,48.80820722914077
850663,48.80820722914077
850664,48.80820722914077
850665,48.80820722914077
850666,37.50363422370458
850667,37.50363422370458
850668,37.50363422370458
850669,37.50363422370458
850670,37.50363422370458
850671,37.50363422370458
850672,45.59459866098067
850673,45.59459866098067
850674,45.59459866098067
850675,45.59459866098067
850676,45.59459866098067
850677,45.59459866098067
850678,56.632427294785515
850679,56.632427294785515
850680,56.632427294785515
850681,56.632427294785515
850682,57.6837153049233
850683,57.6837153049233
850684,57.6837153049233
850685,57.6837153049233
850686,57.6837153049233
850687,57.6837153049233
850688,48.479318858329734
850689,48.479318858329734
850690,48.479318858329734
850691,48.479318858329734
850692,48.479318858329734
850693,48.479318858329734
850694,63.087740344216115
850695,63.087740344216115
850696,63.087740344216115
850697,63.087740344216115
850698,37.72648522383696
850699,37.72648522383696
850700,37.72648522383696
850701,37.72648522383696
850702,37.72648522383696
850703,37.72648522383696
850704,37.72648522383696
850705,37.72648522383696
850706,46.09342733380516
850707,46.09342733380516
850708,46.09342733380516
850709,46.09342733380516
850710,46.09342733380516
850711,46.09342733380516
850712,46.09342733380516
850713,46.09342733380516
850714,40.693448862951186
850715,40.693448862951186
850716,40.693448862951186
850717,40.693448862951186
850718,40.693448862951186
850719,40.693448862951186
850720,45.21847128996515
850721,45.21847128996515
850722,45.21847128996515
850723,48.36305983464358
850724,48.36305983464358
850725,48.36305983464358
850726,48.36305983464358
850727,48.80820722914077
850728,48.80820722914077
850729,48.80820722914077
850730,48.80820722914077
850731,37.50363422370458
850732,37.50363422370458
850733,37.50363422370458
850734,37.50363422370458
850735,37.50363422370458
850736,37.50363422370458
850737,45.59459866098067
850738,45.59459866098067
850739,45.59459866098067
850740,45.59459866098067
850741,45.59459866098067
850742,45.59459866098067
850743,56.632427294785515
850744,56.632427294785515
850745,56.632427294785515
850746,56.632427294785515
850747,57.6837153049233
850748,57.6837153049233
850749,57.6837153049233
850750,57.6837153049233
850751,57.6837153049233
850752,57.6837153049233
850753,48.479318858329734
850754,48.479318858329734
850755,48.479318858329734
850756,48.479318858329734
850757,48.479318858329734
850758,48.479318858329734
850759,63.087740344216115
850760,63.087740344216115
850761,63.087740344216115
850762,63.087740344216115
850763,37.72648522383696
850764,37.72648522383696
850765,37.72648522383696
850766,37.72648522383696
850767,37.72648522383696
850768,37.72648522383696
850769,37.72648522383696
850770,37.72648522383696
850771,46.09342733380516
850772,46.09342733380516
850773,46.09342733380516
850774,46.09342733380516
850775,46.09342733380516
850776,46.09342733380516
850777,46.09342733380516
850778,46.09342733380516
850779,40.693448862951186
850780,40.693448862951186
850781,40.693448862951186
850782,40.693448862951186
850783,40.693448862951186
850784,40.693448862951186
850785,42.97851339615141
850786,42.97851339615141
850787,42.97851339615141
850788,45.34970459597341
850789,45.34970459597341
850790,45.34970459597341
850791,45.34970459597341
850792,46.27477643592193
850793,46.27477643592193
850794,46.27477643592193
850795,46.27477643592193
850796,37.09989255766498
850797,37.09989255766498
850798,37.09989255766498
850799,37.09989255766498
850800,37.09989255766498
850801,37.09989255766498
850802,43.42821708328529
850803,43.42821708328529
850804,43.42821708328529
850805,43.42821708328529
850806,43.42821708328529
850807,43.42821708328529
850808,50.058573500387325
850809,50.058573500387325
850810,50.058573500387325
850811,50.058573500387325
850812,53.60948959794543
850813,53.60948959794543
850814,53.60948959794543
850815,53.60948959794543
850816,53.60948959794543
850817,53.60948959794543
850818,46.457118514894304
850819,46.457118514894304
850820,46.457118514894304
850821,46.457118514894304
850822,46.457118514894304
850823,46.457118514894304
850824,57.99617545489122
850825,57.99617545489122
850826,57.99617545489122
850827,57.99617545489122
850828,36.564036071038934
850829,36.564036071038934
850830,36.564036071038934
850831,36.564036071038934
850832,36.564036071038934
850833,36.564036071038934
850834,36.564036071038934
850835,36.564036071038934
850836,44.22161754717751
850837,44.22161754717751
850838,44.22161754717751
850839,44.22161754717751
850840,44.22161754717751
850841,44.22161754717751
850842,44.22161754717751
850843,44.22161754717751
850844,40.21588970666515
850845,40.21588970666515
850846,40.21588970666515
850847,40.21588970666515
850848,40.21588970666515
850849,40.21588970666515
850850,42.97851339615141
850851,42.97851339615141
850852,42.97851339615141
850853,45.34970459597341
850854,45.34970459597341
850855,45.34970459597341
850856,45.34970459597341
850857,46.27477643592193
850858,46.27477643592193
850859,46.27477643592193
850860,46.27477643592193
850861,37.09989255766498
850862,37.09989255766498
850863,37.09989255766498
850864,37.09989255766498
850865,37.09989255766498
850866,37.09989255766498
850867,43.42821708328529
850868,43.42821708328529
850869,43.42821708328529
850870,43.42821708328529
850871,43.42821708328529
850872,43.42821708328529
850873,50.058573500387325
850874,50.058573500387325
850875,50.058573500387325
850876,50.058573500387325
850877,53.60948959794543
850878,53.60948959794543
850879,53.60948959794543
850880,53.60948959794543
850881,53.60948959794543
850882,53.60948959794543
850883,46.457118514894304
850884,46.457118514894304
850885,46.457118514894304
850886,46.457118514894304
850887,46.457118514894304
850888,46.457118514894304
850889,57.99617545489122
850890,57.99617545489122
850891,57.99617545489122
850892,57.99617545489122
850893,36.564036071038934
850894,36.564036071038934
850895,36.564036071038934
850896,36.564036071038934
850897,36.564036071038934
850898,36.564036071038934
850899,36.564036071038934
850900,36.564036071038934
850901,44.22161754717751
850902,44.22161754717751
850903,44.22161754717751
850904,44.22161754717751
850905,44.22161754717751
850906,44.22161754717751
850907,44.22161754717751
850908,44.22161754717751
850909,40.21588970666515
850910,40.21588970666515
850911,40.21588970666515
850912,40.21588970666515
850913,40.21588970666515
850914,40.21588970666515
850915,42.97851339615141
850916,42.97851339615141
850917,42.97851339615141
850918,45.34970459597341
850919,45.34970459597341
850920,45.34970459597341
850921,45.34970459597341
850922,46.27477643592193
850923,46.27477643592193
850924,46.27477643592193
850925,46.27477643592193
850926,37.09989255766498
850927,37.09989255766498
850928,37.09989255766498
850929,37.09989255766498
850930,37.09989255766498
850931,37.09989255766498
850932,43.42821708328529
850933,43.42821708328529
850934,43.42821708328529
850935,43.42821708328529
850936,43.42821708328529
850937,43.42821708328529
850938,50.058573500387325
850939,50.058573500387325
850940,50.058573500387325
850941,50.058573500387325
850942,53.60948959794543
850943,53.60948959794543
850944,53.60948959794543
850945,53.60948959794543
850946,53.60948959794543
850947,53.60948959794543
850948,46.457118514894304
850949,46.457118514894304
850950,46.457118514894304
850951,46.457118514894304
850952,46.457118514894304
850953,46.457118514894304
850954,57.99617545489122
850955,57.99617545489122
850956,57.99617545489122
850957,57.99617545489122
850958,36.564036071038934
850959,36.564036071038934
850960,36.564036071038934
850961,36.564036071038934
850962,36.564036071038934
850963,36.564036071038934
850964,36.564036071038934
850965,36.564036071038934
850966,44.22161754717751
850967,44.22161754717751
850968,44.22161754717751
850969,44.22161754717751
850970,44.22161754717751
850971,44.22161754717751
850972,44.22161754717751
850973,44.22161754717751
850974,40.21588970666515
850975,40.21588970666515
850976,40.21588970666515
850977,40.21588970666515
850978,40.21588970666515
850979,40.21588970666515
850980,41.01757225905675
850981,41.01757225905675
850982,41.01757225905675
850983,42.48054337401779
850984,42.48054337401779
850985,42.48054337401779
850986,42.48054337401779
850987,43.750838162934
850988,43.750838162934
850989,43.750838162934
850990,43.750838162934
850991,37.04326790266474
850992,37.04326790266474
850993,37.04326790266474
850994,37.04326790266474
850995,37.04326790266474
850996,37.04326790266474
850997,39.80242873577862
850998,39.80242873577862
850999,39.80242873577862
851000,39.80242873577862
851001,39.80242873577862
851002,39.80242873577862
851003,45.94450983141955
851004,45.94450983141955
851005,45.94450983141955
851006,45.94450983141955
851007,49.87652143919103
851008,49.87652143919103
851009,49.87652143919103
851010,49.87652143919103
851011,49.87652143919103
851012,49.87652143919103
851013,44.44154783942727
851014,44.44154783942727
851015,44.44154783942727
851016,44.44154783942727
851017,44.44154783942727
851018,44.44154783942727
851019,52.06531761201104
851020,52.06531761201104
851021,52.06531761201104
851022,52.06531761201104
851023,35.505158871081434
851024,35.505158871081434
851025,35.505158871081434
851026,35.505158871081434
851027,35.505158871081434
851028,35.505158871081434
851029,35.505158871081434
851030,35.505158871081434
851031,40.41148598055521
851032,40.41148598055521
851033,40.41148598055521
851034,40.41148598055521
851035,40.41148598055521
851036,40.41148598055521
851037,40.41148598055521
851038,40.41148598055521
851039,38.534180554503656
851040,38.534180554503656
851041,38.534180554503656
851042,38.534180554503656
851043,38.534180554503656
851044,38.534180554503656
851045,41.01757225905675
851046,41.01757225905675
851047,41.01757225905675
851048,42.48054337401779
851049,42.48054337401779
851050,42.48054337401779
851051,42.48054337401779
851052,43.750838162934
851053,43.750838162934
851054,43.750838162934
851055,43.750838162934
851056,37.04326790266474
851057,37.04326790266474
851058,37.04326790266474
851059,37.04326790266474
851060,37.04326790266474
851061,37.04326790266474
851062,39.80242873577862
851063,39.80242873577862
851064,39.80242873577862
851065,39.80242873577862
851066,39.80242873577862
851067,39.80242873577862
851068,45.94450983141955
851069,45.94450983141955
851070,45.94450983141955
851071,45.94450983141955
851072,49.87652143919103
851073,49.87652143919103
851074,49.87652143919103
851075,49.87652143919103
851076,49.87652143919103
851077,49.87652143919103
851078,44.44154783942727
851079,44.44154783942727
851080,44.44154783942727
851081,44.44154783942727
851082,44.44154783942727
851083,44.44154783942727
851084,52.06531761201104
851085,52.06531761201104
851086,52.06531761201104
851087,52.06531761201104
851088,35.505158871081434
851089,35.505158871081434
851090,35.505158871081434
851091,35.505158871081434
851092,35.505158871081434
851093,35.505158871081434
851094,35.505158871081434
851095,35.505158871081434
851096,40.41148598055521
851097,40.41148598055521
851098,40.41148598055521
851099,40.41148598055521
851100,40.41148598055521
851101,40.41148598055521
851102,40.41148598055521
851103,40.41148598055521
851104,38.534180554503656
851105,38.534180554503656
851106,38.534180554503656
851107,38.534180554503656
851108,38.534180554503656
851109,38.534180554503656
851110,41.01757225905675
851111,41.01757225905675
851112,41.01757225905675
851113,42.48054337401779
851114,42.48054337401779
851115,42.48054337401779
851116,42.48054337401779
851117,43.750838162934
851118,43.750838162934
851119,43.750838162934
851120,43.750838162934
851121,37.04326790266474
851122,37.04326790266474
851123,37.04326790266474
851124,37.04326790266474
851125,37.04326790266474
851126,37.04326790266474
851127,39.80242873577862
851128,39.80242873577862
851129,39.80242873577862
851130,39.80242873577862
851131,39.80242873577862
851132,39.80242873577862
851133,45.94450983141955
851134,45.94450983141955
851135,45.94450983141955
851136,45.94450983141955
851137,49.87652143919103
851138,49.87652143919103
851139,49.87652143919103
851140,49.87652143919103
851141,49.87652143919103
851142,49.87652143919103
851143,44.44154783942727
851144,44.44154783942727
851145,44.44154783942727
851146,44.44154783942727
851147,44.44154783942727
851148,44.44154783942727
851149,52.06531761201104
851150,52.06531761201104
851151,52.06531761201104
851152,52.06531761201104
851153,35.505158871081434
851154,35.505158871081434
851155,35.505158871081434
851156,35.505158871081434
851157,35.505158871081434
851158,35.505158871081434
851159,35.505158871081434
851160,35.505158871081434
851161,40.41148598055521
851162,40.41148598055521
851163,40.41148598055521
851164,40.41148598055521
851165,40.41148598055521
851166,40.41148598055521
851167,40.41148598055521
851168,40.41148598055521
851169,38.534180554503656
851170,38.534180554503656
851171,38.534180554503656
851172,38.534180554503656
851173,38.534180554503656
851174,38.534180554503656
